{
  "data-events" : [
    {
      "grdoc" : "000001",     
      "grline" : "1",     
      "grdate" : "01/01/2021",     
      "postdate" : "01/01/2021",     
      "desc" : "Description",     
      "qty" : "10",     
      "uom" : "TST",     
      "value" : "400.000",     
      "curr" : "IDR",
      "po" : "000001",     
      "poline" : "01",     
      "check" : "<input type='checkbox' value='1'>"     
    },
    {
      "grdoc" : "000001",     
      "grline" : "1",     
      "grdate" : "01/01/2021",     
      "postdate" : "01/01/2021",     
      "desc" : "Description",     
      "qty" : "10",     
      "uom" : "TST",     
      "value" : "400.000",     
      "curr" : "IDR",
      "po" : "000001",     
      "poline" : "01",     
      "check" : "<input type='checkbox' value='2'>"     
    },
    {
      "grdoc" : "000001",     
      "grline" : "1",     
      "grdate" : "01/01/2021",     
      "postdate" : "01/01/2021",     
      "desc" : "Description",     
      "qty" : "10",     
      "uom" : "TST",     
      "value" : "400.000",     
      "curr" : "IDR",
      "po" : "000001",     
      "poline" : "01",     
      "check" : "<input type='checkbox' value='3'>"     
    },
    {
      "grdoc" : "000001",     
      "grline" : "1",     
      "grdate" : "01/01/2021",     
      "postdate" : "01/01/2021",     
      "desc" : "Description",     
      "qty" : "10",     
      "uom" : "TST",     
      "value" : "400.000",     
      "curr" : "IDR",
      "po" : "000001",     
      "poline" : "01",     
      "check" : "<input type='checkbox' value='4'>"     
    },
    {
      "grdoc" : "000001",     
      "grline" : "1",     
      "grdate" : "01/01/2021",     
      "postdate" : "01/01/2021",     
      "desc" : "Description",     
      "qty" : "10",     
      "uom" : "TST",     
      "value" : "400.000",     
      "curr" : "IDR",
      "po" : "000001",     
      "poline" : "01",     
      "check" : "<input type='checkbox' value='5'>"     
    },
    {
      "grdoc" : "000001",     
      "grline" : "1",     
      "grdate" : "01/01/2021",     
      "postdate" : "01/01/2021",     
      "desc" : "Description",     
      "qty" : "10",     
      "uom" : "TST",     
      "value" : "400.000",     
      "curr" : "IDR",
      "po" : "000001",     
      "poline" : "01",     
      "check" : "<input type='checkbox' value='6'>"     
    },
    {
      "grdoc" : "000001",     
      "grline" : "1",     
      "grdate" : "01/01/2021",     
      "postdate" : "01/01/2021",     
      "desc" : "Description",     
      "qty" : "10",     
      "uom" : "TST",     
      "value" : "400.000",     
      "curr" : "IDR",
      "po" : "000001",     
      "poline" : "01",     
      "check" : "<input type='checkbox' value='7'>"     
    },
    {
      "grdoc" : "000001",     
      "grline" : "1",     
      "grdate" : "01/01/2021",     
      "postdate" : "01/01/2021",     
      "desc" : "Description",     
      "qty" : "10",     
      "uom" : "TST",     
      "value" : "400.000",     
      "curr" : "IDR",
      "po" : "000001",     
      "poline" : "01",     
      "check" : "<input type='checkbox' value='8'>"     
    }
  ]
}